{"cameraMode":{"drawMode":0,"name":"Shaded","section":"Shading Mode"},"sceneLighting":true,"audioPlay":false,"sceneViewState":{"showFog":true,"showMaterialUpdate":false,"showSkybox":true,"showFlares":true,"showImageEffects":true,"showParticleSystems":true},"in2DMode":false,"pivot":{"x":80.62349700927735,"y":64.33951568603516,"z":-35.711055755615237},"rotation":{"x":-0.0877864882349968,"y":0.1420472115278244,"z":-0.012648464180529118,"w":-0.9858784079551697},"size":0.09337353706359863,"orthographic":false}