{"cameraMode":{"drawMode":0,"name":"Shaded","section":"Shading Mode"},"sceneLighting":true,"audioPlay":false,"sceneViewState":{"showFog":true,"showMaterialUpdate":false,"showSkybox":true,"showFlares":true,"showImageEffects":true,"showParticleSystems":true},"in2DMode":false,"pivot":{"x":-5375.5322265625,"y":-15.51664924621582,"z":-12766.8134765625},"rotation":{"x":0.051324110478162768,"y":-0.29166218638420107,"z":-0.015674661844968797,"w":-0.9550148248672485},"size":0.9728981852531433,"orthographic":false}