{"cameraMode":{"drawMode":0,"name":"Shaded","section":"Shading Mode"},"sceneLighting":true,"audioPlay":false,"sceneViewState":{"showFog":true,"showMaterialUpdate":false,"showSkybox":true,"showFlares":true,"showImageEffects":true,"showParticleSystems":true},"in2DMode":false,"pivot":{"x":4157.79443359375,"y":-2954.32373046875,"z":-34.2440185546875},"rotation":{"x":-0.22776421904563905,"y":-0.7605012655258179,"z":0.34676939249038699,"w":-0.4995121657848358},"size":7204.6484375,"orthographic":false}