{"cameraMode":{"drawMode":0,"name":"Shaded","section":"Shading Mode"},"sceneLighting":true,"audioPlay":false,"sceneViewState":{"showFog":true,"showMaterialUpdate":false,"showSkybox":true,"showFlares":true,"showImageEffects":true,"showParticleSystems":true},"in2DMode":false,"pivot":{"x":175.1620330810547,"y":-7.151004791259766,"z":119.40039825439453},"rotation":{"x":-0.068140409886837,"y":-0.6662119626998901,"z":0.06133728846907616,"w":-0.7401056289672852},"size":301.8654479980469,"orthographic":false}