{"cameraMode":{"drawMode":0,"name":"Shaded","section":"Shading Mode"},"sceneLighting":true,"audioPlay":false,"sceneViewState":{"showFog":true,"showMaterialUpdate":false,"showSkybox":true,"showFlares":true,"showImageEffects":true,"showParticleSystems":true},"in2DMode":false,"pivot":{"x":1282.9796142578125,"y":154.21620178222657,"z":18.377660751342775},"rotation":{"x":-0.03226744011044502,"y":-0.5954096913337708,"z":-0.02394285425543785,"w":0.802416980266571},"size":5.943961143493652,"orthographic":false}