{"cameraMode":{"drawMode":0,"name":"Shaded","section":"Shading Mode"},"sceneLighting":true,"audioPlay":false,"sceneViewState":{"showFog":true,"showMaterialUpdate":false,"showSkybox":true,"showFlares":true,"showImageEffects":true,"showParticleSystems":true},"in2DMode":false,"pivot":{"x":392.47900390625,"y":-44.854515075683597,"z":184.8976287841797},"rotation":{"x":-0.09572502970695496,"y":-0.5684080123901367,"z":0.06680894643068314,"w":-0.8144235610961914},"size":493.96160888671877,"orthographic":false}