{"cameraMode":{"drawMode":0,"name":"Shaded","section":"Shading Mode"},"sceneLighting":true,"audioPlay":false,"sceneViewState":{"showFog":true,"showMaterialUpdate":false,"showSkybox":true,"showFlares":true,"showImageEffects":true,"showParticleSystems":true},"in2DMode":false,"pivot":{"x":302.78021240234377,"y":-37.69721984863281,"z":312.9496765136719},"rotation":{"x":0.23668649792671204,"y":0.3757348656654358,"z":-0.09987715631723404,"w":0.8904085755348206},"size":1004.2949829101563,"orthographic":false}